{"cameraMode":{"drawMode":0,"name":"Shaded","section":"Shading Mode"},"sceneLighting":true,"audioPlay":false,"sceneViewState":{"showFog":true,"showMaterialUpdate":false,"showSkybox":true,"showFlares":true,"showImageEffects":true,"showParticleSystems":true},"in2DMode":false,"pivot":{"x":96.5999984741211,"y":26.100000381469728,"z":-379.8999938964844},"rotation":{"x":-0.008777458220720292,"y":-0.9423394203186035,"z":0.33386871218681338,"w":-0.024496085941791536},"size":57.41283416748047,"orthographic":false}