{"cameraMode":{"drawMode":0,"name":"Shaded","section":"Shading Mode"},"sceneLighting":false,"audioPlay":false,"sceneViewState":{"showFog":true,"showMaterialUpdate":false,"showSkybox":false,"showFlares":true,"showImageEffects":true,"showParticleSystems":true},"in2DMode":false,"pivot":{"x":-2.0962181091308595,"y":34.28793716430664,"z":-14.244901657104493},"rotation":{"x":0.004867603536695242,"y":0.7606241106987,"z":-0.005706287454813719,"w":0.6491618752479553},"size":100.72688293457031,"orthographic":false}